score,year,set,card,number,parallel,total_pop,gem_pop,gem_rate_pct,recent_sales,oldest_comp,latest_comp,momentum_pct,ebay_url,url
0.65,1986,Fleer Sticker,Michael Jordan,8,Base,23927,127,0.53,0,,,0.0,https://www.ebay.com/sch/i.html?_nkw=1986+Fleer+Sticker+Michael+Jordan+%238+PSA+10&_sacat=0&LH_Sold=1&LH_Complete=1&_ipg=60&_sop=13,https://www.gemrate.com/population-trend?grader=psa&category=basketball-cards&year=1986&set_name=Fleer%20Sticker&card_number=8&name=Michael%20Jordan&parallel=Base
0.649,1986,Fleer,Michael Jordan,57,Base,31213,341,1.09,0,,,0.0,https://www.ebay.com/sch/i.html?_nkw=1986+Fleer+Michael+Jordan+%2357+PSA+10&_sacat=0&LH_Sold=1&LH_Complete=1&_ipg=60&_sop=13,https://www.gemrate.com/population-trend?grader=psa&category=basketball-cards&year=1986&set_name=Fleer&card_number=57&name=Michael%20Jordan&parallel=Base
0.6479,1980,Topps,Julius Erving Larry Bird Magic Johnson,,Scoring Leader,18333,23,0.13,0,,,0.0,https://www.ebay.com/sch/i.html?_nkw=1980+Topps+Julius+Erving+Larry+Bird+Magic+Johnson+Scoring+Leader+PSA+10&_sacat=0&LH_Sold=1&LH_Complete=1&_ipg=60&_sop=13,https://www.gemrate.com/population-trend?grader=psa&category=basketball-cards&year=1980&set_name=Topps&card_number=&name=Julius%20Erving%2FLarry%20Bird%2FMagic%20Johnson&parallel=Scoring%20Leader
0.6444,1989,Fleer Sticker,Michael Jordan,3,Base,19254,84,0.44,0,,,0.0,https://www.ebay.com/sch/i.html?_nkw=1989+Fleer+Sticker+Michael+Jordan+%233+PSA+10&_sacat=0&LH_Sold=1&LH_Complete=1&_ipg=60&_sop=13,https://www.gemrate.com/population-trend?grader=psa&category=basketball-cards&year=1989&set_name=Fleer%20Sticker&card_number=3&name=Michael%20Jordan&parallel=Base
0.6435,1987,Fleer,Michael Jordan,59,Base,23856,217,0.91,0,,,0.0,https://www.ebay.com/sch/i.html?_nkw=1987+Fleer+Michael+Jordan+%2359+PSA+10&_sacat=0&LH_Sold=1&LH_Complete=1&_ipg=60&_sop=13,https://www.gemrate.com/population-trend?grader=psa&category=basketball-cards&year=1987&set_name=Fleer&card_number=59&name=Michael%20Jordan&parallel=Base
0.6423,1988,Fleer Sticker,Michael Jordan,7,Base,15107,12,0.08,0,,,0.0,https://www.ebay.com/sch/i.html?_nkw=1988+Fleer+Sticker+Michael+Jordan+%237+PSA+10&_sacat=0&LH_Sold=1&LH_Complete=1&_ipg=60&_sop=13,https://www.gemrate.com/population-trend?grader=psa&category=basketball-cards&year=1988&set_name=Fleer%20Sticker&card_number=7&name=Michael%20Jordan&parallel=Base
0.6364,1987,Fleer Sticker,Michael Jordan,2,Base,13272,24,0.18,0,,,0.0,https://www.ebay.com/sch/i.html?_nkw=1987+Fleer+Sticker+Michael+Jordan+%232+PSA+10&_sacat=0&LH_Sold=1&LH_Complete=1&_ipg=60&_sop=13,https://www.gemrate.com/population-trend?grader=psa&category=basketball-cards&year=1987&set_name=Fleer%20Sticker&card_number=2&name=Michael%20Jordan&parallel=Base
0.6336,1988,Fleer,Michael Jordan,17,Base,32513,666,2.05,0,,,0.0,https://www.ebay.com/sch/i.html?_nkw=1988+Fleer+Michael+Jordan+%2317+PSA+10&_sacat=0&LH_Sold=1&LH_Complete=1&_ipg=60&_sop=13,https://www.gemrate.com/population-trend?grader=psa&category=basketball-cards&year=1988&set_name=Fleer&card_number=17&name=Michael%20Jordan&parallel=Base
0.6331,1981,Topps,Larry Bird,4,Base,13999,70,0.5,0,,,0.0,https://www.ebay.com/sch/i.html?_nkw=1981+Topps+Larry+Bird+%234+PSA+10&_sacat=0&LH_Sold=1&LH_Complete=1&_ipg=60&_sop=13,https://www.gemrate.com/population-trend?grader=psa&category=basketball-cards&year=1981&set_name=Topps&card_number=4&name=Larry%20Bird&parallel=Base
0.6261,1988,Fleer,Michael Jordan,120,All-Star,21833,390,1.79,0,,,0.0,https://www.ebay.com/sch/i.html?_nkw=1988+Fleer+Michael+Jordan+All-Star+%23120+PSA+10&_sacat=0&LH_Sold=1&LH_Complete=1&_ipg=60&_sop=13,https://www.gemrate.com/population-trend?grader=psa&category=basketball-cards&year=1988&set_name=Fleer&card_number=120&name=Michael%20Jordan&parallel=All-Star
0.6213,1981,Topps,Magic Johnson,21,Base,10985,82,0.75,0,,,0.0,https://www.ebay.com/sch/i.html?_nkw=1981+Topps+Magic+Johnson+%2321+PSA+10&_sacat=0&LH_Sold=1&LH_Complete=1&_ipg=60&_sop=13,https://www.gemrate.com/population-trend?grader=psa&category=basketball-cards&year=1981&set_name=Topps&card_number=21&name=Magic%20Johnson&parallel=Base
0.6211,1988,Fleer,Scottie Pippen,20,Base,16922,274,1.62,0,,,0.0,https://www.ebay.com/sch/i.html?_nkw=1988+Fleer+Scottie+Pippen+%2320+PSA+10&_sacat=0&LH_Sold=1&LH_Complete=1&_ipg=60&_sop=13,https://www.gemrate.com/population-trend?grader=psa&category=basketball-cards&year=1988&set_name=Fleer&card_number=20&name=Scottie%20Pippen&parallel=Base
0.6175,1992,Upper Deck,Shaquille O'Neal,1,Base,18117,357,1.97,0,,,0.0,https://www.ebay.com/sch/i.html?_nkw=1992+Upper+Deck+Shaquille+O%27Neal+%231+PSA+10&_sacat=0&LH_Sold=1&LH_Complete=1&_ipg=60&_sop=13,https://www.gemrate.com/population-trend?grader=psa&category=basketball-cards&year=1992&set_name=Upper%20Deck&card_number=1&name=Shaquille%20O%27Neal&parallel=Base
0.6116,1988,Fleer,Reggie Miller,57,Base,12298,197,1.6,0,,,0.0,https://www.ebay.com/sch/i.html?_nkw=1988+Fleer+Reggie+Miller+%2357+PSA+10&_sacat=0&LH_Sold=1&LH_Complete=1&_ipg=60&_sop=13,https://www.gemrate.com/population-trend?grader=psa&category=basketball-cards&year=1988&set_name=Fleer&card_number=57&name=Reggie%20Miller&parallel=Base
0.611,1986,Fleer,Charles Barkley,7,Base,13480,246,1.82,0,,,0.0,https://www.ebay.com/sch/i.html?_nkw=1986+Fleer+Charles+Barkley+%237+PSA+10&_sacat=0&LH_Sold=1&LH_Complete=1&_ipg=60&_sop=13,https://www.gemrate.com/population-trend?grader=psa&category=basketball-cards&year=1986&set_name=Fleer&card_number=7&name=Charles%20Barkley&parallel=Base
0.6092,1990,Hoops,Mark Jackson,205,Base,14649,306,2.09,0,,,0.0,https://www.ebay.com/sch/i.html?_nkw=1990+Hoops+Mark+Jackson+%23205+PSA+10&_sacat=0&LH_Sold=1&LH_Complete=1&_ipg=60&_sop=13,https://www.gemrate.com/population-trend?grader=psa&category=basketball-cards&year=1990&set_name=Hoops&card_number=205&name=Mark%20Jackson&parallel=Base
0.609,1986,Fleer,Patrick Ewing,32,Base,10787,163,1.51,0,,,0.0,https://www.ebay.com/sch/i.html?_nkw=1986+Fleer+Patrick+Ewing+%2332+PSA+10&_sacat=0&LH_Sold=1&LH_Complete=1&_ipg=60&_sop=13,https://www.gemrate.com/population-trend?grader=psa&category=basketball-cards&year=1986&set_name=Fleer&card_number=32&name=Patrick%20Ewing&parallel=Base
0.6055,1988,Fleer,Dennis Rodman,43,Base,12940,270,2.09,0,,,0.0,https://www.ebay.com/sch/i.html?_nkw=1988+Fleer+Dennis+Rodman+%2343+PSA+10&_sacat=0&LH_Sold=1&LH_Complete=1&_ipg=60&_sop=13,https://www.gemrate.com/population-trend?grader=psa&category=basketball-cards&year=1988&set_name=Fleer&card_number=43&name=Dennis%20Rodman&parallel=Base
0.6053,1986,Fleer,Karl Malone,68,Base,11958,233,1.95,0,,,0.0,https://www.ebay.com/sch/i.html?_nkw=1986+Fleer+Karl+Malone+%2368+PSA+10&_sacat=0&LH_Sold=1&LH_Complete=1&_ipg=60&_sop=13,https://www.gemrate.com/population-trend?grader=psa&category=basketball-cards&year=1986&set_name=Fleer&card_number=68&name=Karl%20Malone&parallel=Base
0.6029,1990,Hoops,Michael Jordan,65,Base,25865,894,3.46,0,,,0.0,https://www.ebay.com/sch/i.html?_nkw=1990+Hoops+Michael+Jordan+%2365+PSA+10&_sacat=0&LH_Sold=1&LH_Complete=1&_ipg=60&_sop=13,https://www.gemrate.com/population-trend?grader=psa&category=basketball-cards&year=1990&set_name=Hoops&card_number=65&name=Michael%20Jordan&parallel=Base
0.5987,1992,Upper Deck,Shaquille O'Neal,1b,Trade Card,17218,521,3.03,0,,,0.0,https://www.ebay.com/sch/i.html?_nkw=1992+Upper+Deck+Shaquille+O%27Neal+Trade+Card+%231b+PSA+10&_sacat=0&LH_Sold=1&LH_Complete=1&_ipg=60&_sop=13,https://www.gemrate.com/population-trend?grader=psa&category=basketball-cards&year=1992&set_name=Upper%20Deck&card_number=1b&name=Shaquille%20O%27Neal&parallel=Trade%20Card
0.5981,1986,Fleer,Akeem Olajuwon,82,Base,13489,355,2.63,0,,,0.0,https://www.ebay.com/sch/i.html?_nkw=1986+Fleer+Akeem+Olajuwon+%2382+PSA+10&_sacat=0&LH_Sold=1&LH_Complete=1&_ipg=60&_sop=13,https://www.gemrate.com/population-trend?grader=psa&category=basketball-cards&year=1986&set_name=Fleer&card_number=82&name=Akeem%20Olajuwon&parallel=Base
0.5918,1996,Ultra,Kobe Bryant,52,Base,12421,358,2.88,0,,,0.0,https://www.ebay.com/sch/i.html?_nkw=1996+Ultra+Kobe+Bryant+%2352+PSA+10&_sacat=0&LH_Sold=1&LH_Complete=1&_ipg=60&_sop=13,https://www.gemrate.com/population-trend?grader=psa&category=basketball-cards&year=1996&set_name=Ultra&card_number=52&name=Kobe%20Bryant&parallel=Base
0.5886,1989,Fleer,Michael Jordan,21,Base,28721,1285,4.47,0,,,0.0,https://www.ebay.com/sch/i.html?_nkw=1989+Fleer+Michael+Jordan+%2321+PSA+10&_sacat=0&LH_Sold=1&LH_Complete=1&_ipg=60&_sop=13,https://www.gemrate.com/population-trend?grader=psa&category=basketball-cards&year=1989&set_name=Fleer&card_number=21&name=Michael%20Jordan&parallel=Base
0.5845,1990,Fleer All-Stars,Michael Jordan,5,Base,18579,748,4.03,0,,,0.0,https://www.ebay.com/sch/i.html?_nkw=1990+Fleer+All-Stars+Michael+Jordan+%235+PSA+10&_sacat=0&LH_Sold=1&LH_Complete=1&_ipg=60&_sop=13,https://www.gemrate.com/population-trend?grader=psa&category=basketball-cards&year=1990&set_name=Fleer%20All-Stars&card_number=5&name=Michael%20Jordan&parallel=Base
0.5664,1996,Metal,Kobe Bryant,181,Base,17312,871,5.03,0,,,0.0,https://www.ebay.com/sch/i.html?_nkw=1996+Metal+Kobe+Bryant+%23181+PSA+10&_sacat=0&LH_Sold=1&LH_Complete=1&_ipg=60&_sop=13,https://www.gemrate.com/population-trend?grader=psa&category=basketball-cards&year=1996&set_name=Metal&card_number=181&name=Kobe%20Bryant&parallel=Base
0.5418,1991,Fleer,Michael Jordan,29,Base,17654,1160,6.57,0,,,0.0,https://www.ebay.com/sch/i.html?_nkw=1991+Fleer+Michael+Jordan+%2329+PSA+10&_sacat=0&LH_Sold=1&LH_Complete=1&_ipg=60&_sop=13,https://www.gemrate.com/population-trend?grader=psa&category=basketball-cards&year=1991&set_name=Fleer&card_number=29&name=Michael%20Jordan&parallel=Base
0.5398,1990,Skybox,Michael Jordan,41,Base,27972,2038,7.29,0,,,0.0,https://www.ebay.com/sch/i.html?_nkw=1990+Skybox+Michael+Jordan+%2341+PSA+10&_sacat=0&LH_Sold=1&LH_Complete=1&_ipg=60&_sop=13,https://www.gemrate.com/population-trend?grader=psa&category=basketball-cards&year=1990&set_name=Skybox&card_number=41&name=Michael%20Jordan&parallel=Base
0.5316,1989,Hoops,David Robinson,138,Base,13498,922,6.83,0,,,0.0,https://www.ebay.com/sch/i.html?_nkw=1989+Hoops+David+Robinson+%23138+PSA+10&_sacat=0&LH_Sold=1&LH_Complete=1&_ipg=60&_sop=13,https://www.gemrate.com/population-trend?grader=psa&category=basketball-cards&year=1989&set_name=Hoops&card_number=138&name=David%20Robinson&parallel=Base
0.5302,1996,Hoops,Kobe Bryant,281,Base,11209,747,6.66,0,,,0.0,https://www.ebay.com/sch/i.html?_nkw=1996+Hoops+Kobe+Bryant+%23281+PSA+10&_sacat=0&LH_Sold=1&LH_Complete=1&_ipg=60&_sop=13,https://www.gemrate.com/population-trend?grader=psa&category=basketball-cards&year=1996&set_name=Hoops&card_number=281&name=Kobe%20Bryant&parallel=Base
0.5216,1990,Hoops,Michael Jordan,5,All-Star,11882,866,7.29,0,,,0.0,https://www.ebay.com/sch/i.html?_nkw=1990+Hoops+Michael+Jordan+All-Star+%235+PSA+10&_sacat=0&LH_Sold=1&LH_Complete=1&_ipg=60&_sop=13,https://www.gemrate.com/population-trend?grader=psa&category=basketball-cards&year=1990&set_name=Hoops&card_number=5&name=Michael%20Jordan&parallel=All-Star
0.5206,1992,Topps Archives,Michael Jordan,52,Base,10986,796,7.25,0,,,0.0,https://www.ebay.com/sch/i.html?_nkw=1992+Topps+Archives+Michael+Jordan+%2352+PSA+10&_sacat=0&LH_Sold=1&LH_Complete=1&_ipg=60&_sop=13,https://www.gemrate.com/population-trend?grader=psa&category=basketball-cards&year=1992&set_name=Topps%20Archives&card_number=52&name=Michael%20Jordan&parallel=Base
0.5169,1988,Fleer,John Stockton,115,Base,14029,1096,7.81,0,,,0.0,https://www.ebay.com/sch/i.html?_nkw=1988+Fleer+John+Stockton+%23115+PSA+10&_sacat=0&LH_Sold=1&LH_Complete=1&_ipg=60&_sop=13,https://www.gemrate.com/population-trend?grader=psa&category=basketball-cards&year=1988&set_name=Fleer&card_number=115&name=John%20Stockton&parallel=Base
0.5113,1996,SP,Kobe Bryant,134,Base,13805,1124,8.14,0,,,0.0,https://www.ebay.com/sch/i.html?_nkw=1996+SP+Kobe+Bryant+%23134+PSA+10&_sacat=0&LH_Sold=1&LH_Complete=1&_ipg=60&_sop=13,https://www.gemrate.com/population-trend?grader=psa&category=basketball-cards&year=1996&set_name=SP&card_number=134&name=Kobe%20Bryant&parallel=Base
0.4955,1996,Topps,Kobe Bryant,138,Base,52862,5538,10.48,0,,,0.0,https://www.ebay.com/sch/i.html?_nkw=1996+Topps+Kobe+Bryant+%23138+PSA+10&_sacat=0&LH_Sold=1&LH_Complete=1&_ipg=60&_sop=13,https://www.gemrate.com/population-trend?grader=psa&category=basketball-cards&year=1996&set_name=Topps&card_number=138&name=Kobe%20Bryant&parallel=Base
0.4937,1996,Upper Deck,Kobe Bryant,58,Base,15773,1482,9.4,0,,,0.0,https://www.ebay.com/sch/i.html?_nkw=1996+Upper+Deck+Kobe+Bryant+%2358+PSA+10&_sacat=0&LH_Sold=1&LH_Complete=1&_ipg=60&_sop=13,https://www.gemrate.com/population-trend?grader=psa&category=basketball-cards&year=1996&set_name=Upper%20Deck&card_number=58&name=Kobe%20Bryant&parallel=Base
0.4791,1992,Stadium Club,Shaquille O'Neal,247,Base,21861,2321,10.62,0,,,0.0,https://www.ebay.com/sch/i.html?_nkw=1992+Stadium+Club+Shaquille+O%27Neal+%23247+PSA+10&_sacat=0&LH_Sold=1&LH_Complete=1&_ipg=60&_sop=13,https://www.gemrate.com/population-trend?grader=psa&category=basketball-cards&year=1992&set_name=Stadium%20Club&card_number=247&name=Shaquille%20O%27Neal&parallel=Base
0.4707,1996,Skybox Premium,Kobe Bryant,55,Base,12874,1369,10.63,0,,,0.0,https://www.ebay.com/sch/i.html?_nkw=1996+Skybox+Premium+Kobe+Bryant+%2355+PSA+10&_sacat=0&LH_Sold=1&LH_Complete=1&_ipg=60&_sop=13,https://www.gemrate.com/population-trend?grader=psa&category=basketball-cards&year=1996&set_name=Skybox%20Premium&card_number=55&name=Kobe%20Bryant&parallel=Base
0.4668,1990,Fleer,Michael Jordan,26,Base,70968,8711,12.27,0,,,0.0,https://www.ebay.com/sch/i.html?_nkw=1990+Fleer+Michael+Jordan+%2326+PSA+10&_sacat=0&LH_Sold=1&LH_Complete=1&_ipg=60&_sop=13,https://www.gemrate.com/population-trend?grader=psa&category=basketball-cards&year=1990&set_name=Fleer&card_number=26&name=Michael%20Jordan&parallel=Base
0.4616,2003,Topps,LeBron James,221,Base,23992,2818,11.75,0,,,0.0,https://www.ebay.com/sch/i.html?_nkw=2003+Topps+LeBron+James+%23221+PSA+10&_sacat=0&LH_Sold=1&LH_Complete=1&_ipg=60&_sop=13,https://www.gemrate.com/population-trend?grader=psa&category=basketball-cards&year=2003&set_name=Topps&card_number=221&name=LeBron%20James&parallel=Base
0.4436,2007,Topps Rookie Card,Kevin Durant,2,Base,24382,3127,12.83,0,,,0.0,https://www.ebay.com/sch/i.html?_nkw=2007+Topps+Rookie+Card+Kevin+Durant+%232+PSA+10&_sacat=0&LH_Sold=1&LH_Complete=1&_ipg=60&_sop=13,https://www.gemrate.com/population-trend?grader=psa&category=basketball-cards&year=2007&set_name=Topps%20Rookie%20Card&card_number=2&name=Kevin%20Durant&parallel=Base
0.4289,1992,Upper Deck,Michael Jordan,23,Base,13756,1834,13.33,0,,,0.0,https://www.ebay.com/sch/i.html?_nkw=1992+Upper+Deck+Michael+Jordan+%2323+PSA+10&_sacat=0&LH_Sold=1&LH_Complete=1&_ipg=60&_sop=13,https://www.gemrate.com/population-trend?grader=psa&category=basketball-cards&year=1992&set_name=Upper%20Deck&card_number=23&name=Michael%20Jordan&parallel=Base
0.4166,1996,Bowman's Best Rookie,Kobe Bryant,R23,Base,12657,1778,14.05,0,,,0.0,https://www.ebay.com/sch/i.html?_nkw=1996+Bowman%27s+Best+Rookie+Kobe+Bryant+%23R23+PSA+10&_sacat=0&LH_Sold=1&LH_Complete=1&_ipg=60&_sop=13,https://www.gemrate.com/population-trend?grader=psa&category=basketball-cards&year=1996&set_name=Bowman%27s%20Best%20Rookie&card_number=R23&name=Kobe%20Bryant&parallel=Base
0.4062,1992,Topps,Shaquille O'Neal,362,Base,39204,5991,15.28,0,,,0.0,https://www.ebay.com/sch/i.html?_nkw=1992+Topps+Shaquille+O%27Neal+%23362+PSA+10&_sacat=0&LH_Sold=1&LH_Complete=1&_ipg=60&_sop=13,https://www.gemrate.com/population-trend?grader=psa&category=basketball-cards&year=1992&set_name=Topps&card_number=362&name=Shaquille%20O%27Neal&parallel=Base
0.4051,1996,Finest,Kobe Bryant,74,wCoating,12159,1795,14.76,0,,,0.0,https://www.ebay.com/sch/i.html?_nkw=1996+Finest+Kobe+Bryant+wCoating+%2374+PSA+10&_sacat=0&LH_Sold=1&LH_Complete=1&_ipg=60&_sop=13,https://www.gemrate.com/population-trend?grader=psa&category=basketball-cards&year=1996&set_name=Finest&card_number=74&name=Kobe%20Bryant&parallel=w%2FCoating
0.3782,2003,Upper Deck Rookie Exclusives,LeBron James,1,Base,11241,1849,16.45,0,,,0.0,https://www.ebay.com/sch/i.html?_nkw=2003+Upper+Deck+Rookie+Exclusives+LeBron+James+%231+PSA+10&_sacat=0&LH_Sold=1&LH_Complete=1&_ipg=60&_sop=13,https://www.gemrate.com/population-trend?grader=psa&category=basketball-cards&year=2003&set_name=Upper%20Deck%20Rookie%20Exclusives&card_number=1&name=LeBron%20James&parallel=Base
0.3652,1989,Hoops,Michael Jordan,200,Base,40160,7074,17.61,0,,,0.0,https://www.ebay.com/sch/i.html?_nkw=1989+Hoops+Michael+Jordan+%23200+PSA+10&_sacat=0&LH_Sold=1&LH_Complete=1&_ipg=60&_sop=13,https://www.gemrate.com/population-trend?grader=psa&category=basketball-cards&year=1989&set_name=Hoops&card_number=200&name=Michael%20Jordan&parallel=Base
0.3511,1992,Ultra,Shaquille O'Neal,328,Base,25427,4663,18.34,0,,,0.0,https://www.ebay.com/sch/i.html?_nkw=1992+Ultra+Shaquille+O%27Neal+%23328+PSA+10&_sacat=0&LH_Sold=1&LH_Complete=1&_ipg=60&_sop=13,https://www.gemrate.com/population-trend?grader=psa&category=basketball-cards&year=1992&set_name=Ultra&card_number=328&name=Shaquille%20O%27Neal&parallel=Base
0.35,1989,Hoops,Michael Jordan,21,All-Star,28514,5253,18.42,0,,,0.0,https://www.ebay.com/sch/i.html?_nkw=1989+Hoops+Michael+Jordan+All-Star+%2321+PSA+10&_sacat=0&LH_Sold=1&LH_Complete=1&_ipg=60&_sop=13,https://www.gemrate.com/population-trend?grader=psa&category=basketball-cards&year=1989&set_name=Hoops&card_number=21&name=Michael%20Jordan&parallel=All-Star
